"ads_matchtype","ads_network","amount","application_id","browser","campaign_city","city","company_size","firm_type","gender","industry","last_fy_profit","loan_created","platform","registered_office_city","registered_office_state","role_in_firm","role_on_application","state","utm_medium","utm_source","private_email_domain","age_of_firm","average_business_inflow","average_business_outflow","average_inflow","average_outflow","high_inflow_cp","inward_returns","max_business_inflow","max_business_outflow","max_inflow","max_outflow","min_business_inflow","min_business_outflow","min_inflow","min_outflow","outward_returns"
"","","200000.0","1031.0","Chrome","","","","Proprietorship","Male","62.0","","0.0","mobile:Linux","PUNE","MAHARASHTRA","1.0","4.0","MAHARASHTRA","","","0","2.0","164725.0","164040.0","164725.0","164725.0","8.0","2.0","502725.0","570348.0","502725.0","502725.0","35981.0","24331.0","35981.0","35981.0","0.0"
"e","google_search","300000.0","2056.0","Chrome","Pune","Mumbai","5.0","Proprietorship","Male","48.0","341068.0","0.0","mobile:Linux","PUNE","MAHARASHTRA","1.0","4.0","KARNATAKA","ppc","adwords","0","4.0","91220.0","91625.0","91220.0","91220.0","4.0","0.0","159971.0","159356.0","159971.0","159971.0","43826.0","47157.0","43826.0","43826.0","0.0"
"","","500000.0","9047.0","Chrome","","Mumbai","","Proprietorship","Male","40.0","","0.0","mobile:Linux","THANE","MAHARASHTRA","1.0","4.0","MAHARASHTRA","Banner","Facebook","0","4.0","42126.0","47292.0","42126.0","42126.0","8.0","0.0","134835.0","133462.0","134835.0","134835.0","0.0","0.0","0.0","0.0","0.0"
"","google_display","500000.0","2068.0","Chrome","","Mumbai","5.0","Proprietorship","Male","","","0.0","mobile:Linux","","","1.0","4.0","GUJARAT","ppc","adwords","0","4.0","246655.0","264491.0","246655.0","246655.0","9.0","0.0","879035.0","780395.0","879035.0","879035.0","21.0","31236.0","21.0","21.0","0.0"
"b","google_search","500000.0","2737.0","Chrome","Jaipur","Ajmer","5.0","Proprietorship","Male","134.0","","0.0","mobile:Linux","JAIPUR","RAJASTHAN","1.0","4.0","RAJASTHAN","ppc","adwords","0","4.0","96784.0","95498.0","96784.0","96784.0","16.0","0.0","373105.0","285950.0","373105.0","373105.0","22000.0","30008.0","22000.0","22000.0","3.0"
"b","google_search","400000.0","3126.0","Chrome","","Mumbai","5.0","Proprietorship","Male","","","0.0","mobile:Linux","NAGPUR","MAHARASHTRA","1.0","4.0","MAHARASHTRA","ppc","adwords","0","5.0","65003.0","67170.0","65003.0","65003.0","7.0","0.0","321226.0","351689.0","321226.0","321226.0","0.0","5220.0","0.0","0.0","0.0"
"e","google_search","600000.0","1081.0","Chrome","","","5.0","Proprietorship","Male","","319713.0","0.0","mobile:Linux","THANE","MAHARASHTRA","1.0","4.0","MAHARASHTRA","ppc","adwords","0","","111855.0","110632.0","111855.0","111855.0","2.0","0.0","227020.0","221036.0","227020.0","227020.0","23400.0","21400.0","23400.0","23400.0","1.0"
"e","google_search","300000.0","5178.0","Chrome","Hyderabad","Hyderabad","5.0","Proprietorship","Male","","","0.0","mobile:Linux","HYDERABAD","ANDHRA PRADESH","1.0","4.0","ANDHRA PRADESH","ppc","adwords","0","","44638.0","43415.0","44638.0","44638.0","4.0","0.0","200000.0","208540.0","200000.0","200000.0","0.0","39.0","0.0","0.0","0.0"
"b","google_search","500000.0","1084.0","Chrome","","","5.0","Proprietorship","Male","101.0","","0.0","mobile:Linux","NAGPUR","MAHARASHTRA","1.0","0.0","MAHARASHTRA","ppc","adwords","0","2.0","23661.0","22576.0","23661.0","23661.0","5.0","0.0","168233.0","161207.0","168233.0","168233.0","0.0","0.0","0.0","0.0","0.0"
"","","1000000.0","6281.0","Chrome","","Mumbai","","Proprietorship","Male","11.0","","0.0","mobile:Linux","PUNE","MAHARASHTRA","1.0","4.0","WEST BENGAL","Banner","Facebook","1","3.0","227953.666666666","225999.666666666","227953.666666666","227953.666666666","21.0","0.0","339984.0","361214.0","339984.0","339984.0","143000.0","155280.0","143000.0","143000.0","0.0"
"e","google_search","1000000.0","1090.0","Chrome","","","11.0","Proprietorship","Female","","","0.0","mobile:Linux","BANGALORE","KARNATAKA","1.0","4.0","KARNATAKA","ppc","adwords","0","","320985.0","323520.0","320985.0","320985.0","6.0","1.0","574015.0","489598.0","574015.0","574015.0","101392.0","116822.0","101392.0","101392.0","3.0"
"e","google_search","500000.0","1103.0","Chrome","","Chandigarh","10.0","Proprietorship","Male","34.0","462252.0","1.0","mobile:Linux","THANE","MAHARASHTRA","1.0","4.0","MAHARASHTRA","ppc","adwords","0","","93515.5","92896.5","93515.5","93515.5","22.0","2.0","340496.0","235772.0","340496.0","340496.0","281.0","2113.0","281.0","281.0","0.0"
"b","google_search","300000.0","9059.0","Firefox","Mumbai","Ahmedabad","","Proprietorship","Male","102.0","350000.0","0.0","mobile:Linux","MUMBAI","MAHARASHTRA","1.0","4.0","MAHARASHTRA","ppc","adwords","0","3.0","113596.0","145770.666666666","113596.0","113596.0","20.0","0.0","412636.0","492803.0","412636.0","412636.0","0.0","0.0","0.0","0.0","1.0"
"e","google_search","300000.0","8834.0","Chrome","Kolkata","Kolkata","","Proprietorship","Male","112.0","400000.0","0.0","Win32","KOLKATA","WEST BENGAL","1.0","4.0","WEST BENGAL","ppc","adwords","0","6.0","252717.0","252639.0","252717.0","252717.0","7.0","0.0","577472.0","604473.0","577472.0","577472.0","0.0","610.0","0.0","0.0","3.0"
"","","500000.0","2137.0","","","","","Proprietorship","","","","0.0","","","DELHI","1.0","0.0","","","","0","2.0","240187.0","238937.0","240187.0","240187.0","6.0","0.0","391701.0","408507.0","391701.0","391701.0","27957.0","35261.0","27957.0","27957.0","0.0"
"e","google_search","500000.0","5211.0","Firefox","Jaipur","Ajmer","5.0","Proprietorship","Male","51.0","242780.0","0.0","mobile:Linux","JODHPUR","RAJASTHAN","1.0","4.0","RAJASTHAN","ppc","adwords","0","3.0","317348.0","328514.0","317348.0","317348.0","10.0","2.0","642530.0","651046.0","642530.0","642530.0","98700.0","50115.0","98700.0","98700.0","0.0"
"e","google_search","500000.0","9061.0","Chrome","Bengaluru","Bengaluru","","Private Limited","Male","56.0","2434080.0","0.0","MacIntel","BANGALORE","KARNATAKA","3.0","3.0","KARNATAKA","ppc","adwords","0","3.0","344722.0","338764.0","344722.0","344722.0","12.0","5.0","556380.0","508219.0","556380.0","556380.0","19985.0","99402.0","19985.0","19985.0","1.0"
"b","google_search","1000000.0","4199.0","Chrome","","Hyderabad","5.0","Proprietorship","Male","","","0.0","Win32","PRAKASAM","ANDHRA PRADESH","1.0","4.0","ANDHRA PRADESH","ppc","adwords","0","4.0","26529.5","27441.5","26529.5","26529.5","11.0","0.0","90415.0","80364.0","90415.0","90415.0","0.0","0.0","0.0","0.0","0.0"
"e","google_search","300000.0","3178.0","Chrome","Sonipat","Mumbai","5.0","Proprietorship","Male","","","0.0","mobile:Linux","SONIPAT","HARYANA","1.0","4.0","HARYANA","ppc","adwords","0","2.0","687179.0","686931.0","687179.0","687179.0","4.0","1.0","1467897.0","1466314.0","1467897.0","1467897.0","38674.0","42759.0","38674.0","38674.0","0.0"
"e","google_search","1000000.0","1143.0","Chrome","","Mumbai","11.0","Proprietorship","Male","9.0","","0.0","mobile:Linux","THANE","MAHARASHTRA","1.0","4.0","MAHARASHTRA","ppc","adwords","0","3.0","12204.0","11205.0","12204.0","12204.0","4.0","0.0","55000.0","34358.0","55000.0","55000.0","0.0","0.0","0.0","0.0","0.0"
"e","google_search","500000.0","4228.0","Chrome","Jaipur","Srinagar","5.0","Proprietorship","Male","112.0","","0.0","mobile:Linux","","","1.0","4.0","RAJASTHAN","ppc","adwords","0","3.0","579492.0","578881.0","579492.0","579492.0","12.0","0.0","872219.0","1013197.0","872219.0","872219.0","0.0","0.0","0.0","0.0","0.0"
"b","google_search","1000000.0","1158.0","Chrome","","Bengaluru","11.0","Private Limited","","","","0.0","Win32","BANGALORE","KARNATAKA","","0.0","","ppc","adwords","1","7.0","6861212.0","6900142.0","6861212.0","6861212.0","16.0","15.0","12418602.0","12975953.0","12418602.0","12418602.0","1211411.0","2289697.0","1211411.0","1211411.0","0.0"
"b","google_search","300000.0","1159.0","Chrome","","Mira Road","10.0","Proprietorship","Male","93.0","","0.0","Win32","THANE","MAHARASHTRA","1.0","0.0","MAHARASHTRA","ppc","adwords","0","5.0","182403.0","184057.0","182403.0","182403.0","8.0","5.0","354462.0","348291.0","354462.0","354462.0","85112.0","81086.0","85112.0","85112.0","2.0"
"e","google_search","300000.0","4233.0","Chrome","Mumbai","Mumbai","5.0","Proprietorship","Male","","","0.0","mobile:Linux","","","1.0","4.0","MAHARASHTRA","ppc","adwords","0","","106213.666666666","106261.333333333","106213.666666666","106213.666666666","24.0","2.0","257281.0","255335.0","257281.0","257281.0","8005.0","13804.0","8005.0","8005.0","0.0"
"e","google_search","1000000.0","5268.0","Safari","Bengaluru","Bengaluru","10.0","Proprietorship","Female","0.0","1230412.0","0.0","MacIntel","BANGALORE","KARNATAKA","1.0","4.0","KARNATAKA","ppc","adwords","0","","964051.0","962827.0","964051.0","964051.0","13.0","1.0","2386396.0","2100643.0","2386396.0","2386396.0","100000.0","0.0","100000.0","100000.0","3.0"
"b","google_search","500000.0","3229.0","Chrome","Raipur","Raipur","5.0","Proprietorship","Male","","","0.0","MacIntel","RAIPUR","CHHATTISGARH","1.0","4.0","CHHATTISGARH","ppc","adwords","0","3.0","308986.0","308821.0","308986.0","308986.0","15.0","10.0","644141.0","530850.0","644141.0","644141.0","61019.0","58086.0","61019.0","61019.0","1.0"
"b","google_search","500000.0","4255.0","Chrome","Kolkata","Kolkata","5.0","Proprietorship","Male","","360000.0","0.0","mobile:Linux","","","1.0","4.0","WEST BENGAL","ppc","adwords","0","3.0","232153.0","231673.0","232153.0","232153.0","12.0","0.0","999000.0","899053.0","999000.0","999000.0","0.0","0.0","0.0","0.0","2.0"
"","","200000.0","5289.0","Chrome","","Pune","","Proprietorship","Male","51.0","411644.0","0.0","mobile:Linux","PUNE","MAHARASHTRA","1.0","4.0","MAHARASHTRA","Banner","Facebook","0","9.0","77811.0","68342.0","77811.0","77811.0","12.0","0.0","276040.0","171581.0","276040.0","276040.0","230.0","0.0","230.0","230.0","1.0"
"b","google_search","500000.0","3620.0","Chrome","Ahmedabad","Mumbai","5.0","Proprietorship","","","553752.0","0.0","mobile:Linux","AHMEDABAD","GUJARAT","","5.0","","ppc","adwords","0","4.0","161764.0","156280.0","161764.0","161764.0","13.0","0.0","698590.0","639449.0","698590.0","698590.0","0.0","0.0","0.0","0.0","29.0"
"b","google_search","1000000.0","2224.0","Chrome","Jaipur","Delhi","11.0","Private Limited","Female","56.0","351478.0","0.0","Win32","JAIPUR","RAJASTHAN","5.0","3.0","RAJASTHAN","ppc","adwords","0","2.0","112812.0","112634.0","112812.0","112812.0","8.0","2.0","500000.0","399900.0","500000.0","500000.0","0.0","0.0","0.0","0.0","0.0"
"b","google_search","300000.0","3254.0","Chrome","Kolkata","Kolkata","5.0","Proprietorship","Male","","322294.0","0.0","mobile:Linux","SOUTH 24 PARGANAS","WEST BENGAL","1.0","4.0","WEST BENGAL","ppc","adwords","0","15.0","69812.0","69609.0","69812.0","69812.0","4.0","0.0","407306.0","376202.0","407306.0","407306.0","0.0","0.0","0.0","0.0","0.0"
"b","google_search","500000.0","1209.0","Chrome","","Lohogaon","5.0","Proprietorship","Male","","409947.0","1.0","Win32","PUNE","MAHARASHTRA","1.0","4.0","MAHARASHTRA","ppc","adwords","0","5.0","105964.25","107083.0","107456.75","107456.75","38.0","0.0","566719.0","468454.0","566719.0","566719.0","0.0","0.0","0.0","0.0","0.0"
"","","500000.0","6330.0","Chrome","","Ahmedabad","","Proprietorship","Male","124.0","460400.0","0.0","mobile:Linux","","","1.0","4.0","KARNATAKA","Banner","Facebook","0","7.0","75886.0","75892.0","75886.0","75886.0","7.0","0.0","403046.0","399891.0","403046.0","403046.0","0.0","18.0","0.0","0.0","0.0"
"","","1000000.0","3259.0","Netscape","","Mumbai","11.0","Proprietorship","Male","27.0","995481.0","0.0","mobile:iPhone","THANE","MAHARASHTRA","1.0","4.0","MAHARASHTRA","Banner","Facebook","0","14.0","404928.0","407475.0","404928.0","404928.0","8.0","0.0","680225.0","670872.0","680225.0","680225.0","46400.0","126388.0","46400.0","46400.0","0.0"
"","","500000.0","7359.0","Chrome","","Jabalpur","","Proprietorship","Male","126.0","300000.0","0.0","mobile:Linux","","","1.0","5.0","TELANGANA","Banner","Facebook","0","8.0","56984.0","58428.0","56984.0","56984.0","11.0","0.0","285337.0","255200.0","285337.0","285337.0","0.0","288.0","0.0","0.0","0.0"
"e","google_search","500000.0","2241.0","Chrome","Hyderabad","Hyderabad","11.0","Private Limited","Male","","","0.0","Win32","","","3.0","1.0","ANDHRA PRADESH","ppc","adwords","0","3.0","582525.0","576705.0","582525.0","582525.0","11.0","0.0","993000.0","1126791.0","993000.0","993000.0","217000.0","137054.0","217000.0","217000.0","1.0"
"b","google_search","500000.0","1855.0","Chrome","Bengaluru","Bengaluru","10.0","Proprietorship","Male","47.0","1382665.0","0.0","mobile:Linux","BANGALORE","KARNATAKA","1.0","4.0","KARNATAKA","ppc","adwords","0","2.0","352821.5","353984.0","353964.5","353964.5","23.0","5.0","754863.0","730400.0","754863.0","754863.0","55000.0","54700.0","55000.0","55000.0","0.0"
"e","google_search","1000000.0","2249.0","Chrome","Nashik","Pune","5.0","Proprietorship","Male","","429989.0","0.0","MacIntel","NASHIK","MAHARASHTRA","1.0","4.0","MAHARASHTRA","ppc","adwords","1","5.0","142428.0","138053.0","142428.0","142428.0","9.0","0.0","328659.0","237002.0","328659.0","328659.0","47113.0","46655.0","47113.0","47113.0","0.0"
"","","500000.0","5326.0","Chrome","","Mumbai","","Proprietorship","Male","129.0","","0.0","mobile:Linux","PUNE","MAHARASHTRA","1.0","4.0","KARNATAKA","Banner","Facebook","0","9.0","185674.0","184611.0","185674.0","185674.0","4.0","0.0","395558.0","344350.0","395558.0","395558.0","1078.0","755.0","1078.0","1078.0","0.0"
"","","500000.0","5331.0","Chrome","","Srinagar","","Proprietorship","Male","39.0","","0.0","mobile:Linux","RAIGARH(MH)","MAHARASHTRA","1.0","5.0","MAHARASHTRA","Banner","Facebook","0","9.0","371464.0","376277.0","372544.5","372544.5","26.0","21.0","911120.0","924263.0","911120.0","911120.0","80000.0","81000.0","80000.0","80000.0","2.0"
"","","500000.0","5333.0","Chrome","","Bengaluru","","Proprietorship","Female","9.0","","0.0","mobile:Linux","","","1.0","5.0","KARNATAKA","Banner","Facebook","0","6.0","16411.0","16348.0","16411.0","16411.0","7.0","0.0","82000.0","81994.0","82000.0","82000.0","0.0","0.0","0.0","0.0","0.0"
"","google_display","1000000.0","2265.0","Chrome","","Hyderabad","5.0","Proprietorship","Male","","1200000.0","0.0","mobile:Linux","AMALAPURAM","ANDHRA PRADESH","1.0","4.0","ANDHRA PRADESH","ppc","adwords","0","5.0","511475.0","511976.0","511475.0","511475.0","5.0","0.0","681967.0","754714.0","681967.0","681967.0","208130.0","208577.0","208130.0","208130.0","2.0"
"","","500000.0","719.0","Chrome","","","","Proprietorship","Female","101.0","","0.0","mobile:Linux","BANGALORE","KARNATAKA","1.0","4.0","KARNATAKA","","","0","","643561.0","607299.0","644177.0","644177.0","12.0","5.0","2455404.0","1730540.0","2455404.0","2455404.0","1232.0","141840.0","1232.0","1232.0","0.0"
"b","google_search","1000000.0","4319.0","Chrome","Mumbai","Mumbai","10.0","Proprietorship","Male","","","0.0","mobile:Linux","MUMBAI","MAHARASHTRA","1.0","4.0","MAHARASHTRA","ppc","adwords","0","6.0","44177.0","43596.0","44177.0","44177.0","5.0","0.0","398000.0","417725.0","398000.0","398000.0","0.0","336.0","0.0","0.0","8.0"
"","","500000.0","5352.0","Chrome","","Mumbai","","Proprietorship","Male","128.0","648526.0","0.0","mobile:Linux","MUMBAI","MAHARASHTRA","1.0","4.0","MAHARASHTRA","Banner","Facebook","0","4.0","156344.0","156233.0","156344.0","156344.0","7.0","0.0","567500.0","558040.0","567500.0","567500.0","0.0","1725.0","0.0","0.0","1.0"
"","google_display","500000.0","3309.0","Chrome","","Mumbai","5.0","Proprietorship","Female","","235423.0","0.0","mobile:Linux","THANE","MAHARASHTRA","1.0","4.0","MAHARASHTRA","ppc","adwords","0","2.0","242544.0","230807.0","242544.0","242544.0","42.0","0.0","533291.0","456500.0","533291.0","533291.0","2000.0","0.0","2000.0","2000.0","4.0"
"b","google_search","300000.0","4339.0","Chrome","Kolkata","Kolkata","","Proprietorship","Male","","","0.0","mobile:Linux","NORTH 24 PARGANAS","WEST BENGAL","1.0","4.0","WEST BENGAL","ppc","adwords","0","1.0","48270.0","48963.0","48270.0","48270.0","10.0","2.0","144387.0","153242.0","144387.0","144387.0","0.0","3253.0","0.0","0.0","0.0"
"","","500000.0","5364.0","Chrome","","Faridabad","","Proprietorship","Male","9.0","355953.0","0.0","mobile:Linux","PUNE","MAHARASHTRA","1.0","4.0","MAHARASHTRA","Banner","Facebook","0","6.0","315176.0","318181.0","315176.0","315176.0","10.0","0.0","476919.0","421389.0","476919.0","476919.0","6000.0","6498.0","6000.0","6000.0","4.0"
"","","1000000.0","5365.0","Chrome","","Mumbai","","Proprietorship","Male","98.0","400000.0","0.0","mobile:Linux","","","1.0","5.0","UTTAR PRADESH","Banner","Facebook","0","7.0","673246.0","662137.0","673246.0","673246.0","6.0","7.0","3330000.0","3321685.0","3330000.0","3330000.0","0.0","0.0","0.0","0.0","0.0"
"e","google_search","500000.0","1272.0","Chrome","","Mumbai","5.0","Proprietorship","Male","48.0","945283.0","0.0","mobile:Linux","THANE","MAHARASHTRA","1.0","4.0","MAHARASHTRA","ppc","adwords","0","3.0","629457.0","624261.0","629457.0","629457.0","15.0","0.0","1315328.0","1159679.0","1315328.0","1315328.0","15700.0","75.0","15700.0","15700.0","0.0"
"","","1000000.0","1274.0","","","","","Partnership","Female","","24109.0","0.0","","MUMBAI","MAHARASHTRA","2.0","0.0","MAHARASHTRA","","","0","17.0","390150.0","355528.0","390150.0","390150.0","27.0","0.0","755132.0","844605.0","755132.0","755132.0","0.0","0.0","0.0","0.0","4.0"
"b","google_search","300000.0","4351.0","Firefox","Kolkata","Kolkata","11.0","Proprietorship","Male","112.0","","0.0","Win32","KOLKATA","WEST BENGAL","1.0","4.0","WEST BENGAL","ppc","adwords","0","3.0","53071.0","72885.0","53071.0","53071.0","3.0","0.0","135500.0","182026.0","135500.0","135500.0","7941.0","14118.0","7941.0","7941.0","2.0"
"e","google_search","500000.0","5385.0","Chrome","Bengaluru","Bengaluru","","Proprietorship","Male","22.0","","0.0","mobile:Linux","BANGALORE","KARNATAKA","1.0","4.0","KARNATAKA","ppc","adwords","0","4.0","187797.0","180083.0","187797.0","187797.0","19.0","0.0","893000.0","1023837.0","893000.0","893000.0","19000.0","0.0","19000.0","19000.0","0.0"
"b","google_search","1000000.0","4365.0","Chrome","Pune","Pune","5.0","Proprietorship","Male","9.0","754945.0","0.0","mobile:Linux","PUNE","MAHARASHTRA","1.0","4.0","MAHARASHTRA","ppc","adwords","0","3.0","539865.0","539614.0","539865.0","539865.0","6.0","0.0","1209414.0","1184229.0","1209414.0","1209414.0","87262.0","88250.0","87262.0","87262.0","2.0"
"e","google_search","300000.0","4367.0","Chrome","Kolkata","Kolkata","5.0","Proprietorship","Male","126.0","297709.0","0.0","mobile:Linux","SOUTH 24 PARGANAS","WEST BENGAL","1.0","4.0","WEST BENGAL","ppc","adwords","0","","132879.0","132483.0","132879.0","132879.0","7.0","0.0","380445.0","320909.0","380445.0","380445.0","8000.0","0.0","8000.0","8000.0","2.0"
"b","google_search","1000000.0","7384.0","Chrome","Pune","Pune","","Private Limited","Male","40.0","","0.0","Win32","","","3.0","3.0","RAJASTHAN","ppc","adwords","0","4.0","193058.0","193019.0","193058.0","193058.0","12.0","0.0","449208.0","449415.0","449208.0","449208.0","0.0","0.0","0.0","0.0","0.0"
"","","1800000.0","277.0","","","","","Proprietorship","Male","","","0.0","","","","1.0","0.0","UTTAR PRADESH","","","0","","7860.0","8391.0","7860.0","7860.0","11.0","0.0","25026.0","24944.0","25026.0","25026.0","520.0","1167.0","520.0","520.0","0.0"
"","google_display","300000.0","5167.0","Chrome","","Mumbai","5.0","Proprietorship","Male","","","0.0","mobile:Linux","","","1.0","4.0","MAHARASHTRA","ppc","adwords","0","","132909.0","132342.0","132909.0","132909.0","14.0","0.0","222716.0","217518.0","222716.0","222716.0","48859.0","52527.0","48859.0","48859.0","0.0"
"","","1000000.0","5410.0","Chrome","","Ahmedabad","","Proprietorship","Male","126.0","371566.0","0.0","mobile:Linux","EAST NIMAR","MADHYA PRADESH","1.0","4.0","MADHYA PRADESH","Banner","Facebook","0","3.0","257268.0","337584.25","257268.0","257268.0","8.0","0.0","2572900.0","2821570.0","2572900.0","2572900.0","0.0","0.0","0.0","0.0","0.0"
"b","google_search","","8841.0","Chrome","Vadodara","Mumbai","","","Male","","","0.0","mobile:Linux","","","1.0","5.0","MADHYA PRADESH","ppc","adwords","0","","95131.0","90184.0","95131.0","95131.0","12.0","0.0","192350.0","278950.0","192350.0","192350.0","6502.0","5012.0","6502.0","6502.0","8.0"
"","google_display","1000000.0","1327.0","Chrome","","Mumbai","5.0","Proprietorship","Male","81.0","640920.0","0.0","mobile:Linux","K.V.RANGAREDDY","TELANGANA","1.0","4.0","TELANGANA","ppc","adwords","0","4.0","751119.0","756233.0","751119.0","751119.0","8.0","0.0","1263540.0","1083669.0","1263540.0","1263540.0","401956.0","375691.0","401956.0","401956.0","0.0"
"b","google_search","1000000.0","2359.0","Chrome","Bhopal","Ujjain","10.0","Proprietorship","Male","","450630.0","0.0","mobile:Linux","BHOPAL","MADHYA PRADESH","1.0","4.0","MADHYA PRADESH","ppc","adwords","0","6.0","141424.5","141187.0","141424.5","141424.5","24.0","0.0","797700.0","766368.0","797700.0","797700.0","0.0","15.0","0.0","0.0","0.0"
"e","google_search","1000000.0","4411.0","Chrome","Pune","Mumbai","10.0","Proprietorship","Male","95.0","","0.0","Win32","SATARA","MAHARASHTRA","1.0","4.0","MAHARASHTRA","ppc","adwords","0","6.0","346195.0","347932.0","346195.0","346195.0","14.0","7.0","1054537.0","1051462.0","1054537.0","1054537.0","68900.0","71857.0","68900.0","68900.0","1.0"
"","","","316.0","","","","","","","","","0.0","","","","","0.0","","","","0","","182826.0","137271.0","182826.0","182826.0","1.0","0.0","270652.0","179928.0","270652.0","270652.0","95001.0","94614.0","95001.0","95001.0","0.0"
"b","google_search","100000.0","4661.0","Chrome","Indore","Srinagar","11.0","Proprietorship","","","329210.0","0.0","mobile:Linux","INDORE","MADHYA PRADESH","","5.0","","ppc","adwords","0","9.0","8872.0","8694.0","8872.0","8872.0","5.0","0.0","72200.0","50359.0","72200.0","72200.0","0.0","1000.0","0.0","0.0","0.0"
"b","google_search","600000.0","1344.0","Chrome","","Bengaluru","5.0","Proprietorship","Male","","","0.0","mobile:Linux","CHIKKABALLAPUR","KARNATAKA","1.0","4.0","KARNATAKA","ppc","adwords","0","14.0","16225.0","16143.0","16225.0","16225.0","8.0","0.0","62000.0","60900.0","62000.0","62000.0","0.0","0.0","0.0","0.0","0.0"
"e","google_search","400000.0","5344.0","Chrome","Ahmedabad","Mumbai","","Proprietorship","Male","22.0","","0.0","Win32","","","1.0","4.0","MAHARASHTRA","ppc","adwords","0","8.0","51182.5","52225.0","51182.5","51182.5","10.0","0.0","334341.0","401398.0","334341.0","334341.0","0.0","0.0","0.0","0.0","1.0"
"b","google_search","600000.0","2378.0","Chrome","","Mumbai","5.0","Proprietorship","Male","","395408.0","1.0","mobile:Linux","THANE","MAHARASHTRA","1.0","4.0","MAHARASHTRA","ppc","adwords","0","3.0","156976.0","153820.0","156976.0","156976.0","10.0","0.0","402226.0","371438.0","402226.0","402226.0","61352.0","19478.0","61352.0","61352.0","5.0"
"e","google_search","1000000.0","3410.0","Chrome","Kolkata","Kolkata","5.0","Proprietorship","Male","101.0","780500.0","1.0","Win32","KOLKATA","WEST BENGAL","1.0","4.0","WEST BENGAL","ppc","adwords","0","4.0","2969272.0","2963747.0","2969272.0","2969272.0","22.0","0.0","4212900.0","4110488.0","4212900.0","4212900.0","962600.0","1062742.0","962600.0","962600.0","0.0"
"","","400000.0","341.0","","","","","Proprietorship","Female","101.0","119303.0","0.0","","","DELHI","1.0","0.0","DELHI","","","0","","499890.0","498995.0","499890.0","499890.0","15.0","1.0","1365615.0","1365734.0","1365615.0","1365615.0","93988.0","53875.0","93988.0","93988.0","0.0"
"","","500000.0","1366.0","Firefox","","Indore","5.0","Proprietorship","Male","93.0","400000.0","0.0","Win64","INDORE","MADHYA PRADESH","1.0","4.0","madhya pradesh","","","0","7.0","333850.0","333803.0","333850.0","333850.0","11.0","2.0","827046.0","825293.0","827046.0","827046.0","3000.0","0.0","3000.0","3000.0","1.0"
"","","1000000.0","3418.0","Chrome","","Mumbai","5.0","Partnership","Male","134.0","23190.0","0.0","mobile:Linux","MUMBAI","MAHARASHTRA","2.0","3.0","MAHARASHTRA","Banner","Facebook","0","3.0","990966.0","1001891.0","990966.0","990966.0","16.0","2.0","2111818.0","1888487.0","2111818.0","2111818.0","392074.0","313556.0","392074.0","392074.0","3.0"
"e","google_search","1000000.0","1395.0","Chrome","","Kolkata","5.0","Proprietorship","Female","56.0","","0.0","mobile:Linux","MUMBAI","MAHARASHTRA","1.0","4.0","MAHARASHTRA","ppc","adwords","0","3.0","228156.0","228156.0","228156.0","228156.0","34.0","8.0","429000.0","428708.0","429000.0","429000.0","0.0","0.0","0.0","0.0","0.0"
"","google_display","1000000.0","1420.0","Chrome","","Bengaluru","11.0","Proprietorship","Male","","","0.0","mobile:Linux","GULBARGA","KARNATAKA","1.0","4.0","KARNATAKA","ppc","adwords","0","16.0","162618.0","148911.0","162618.0","162618.0","8.0","0.0","506500.0","342268.0","506500.0","506500.0","38450.0","38330.0","38450.0","38450.0","0.0"
"","google_display","1000000.0","4496.0","Chrome","","Pune","5.0","Proprietorship","Male","","","0.0","mobile:Linux","SATARA","MAHARASHTRA","1.0","4.0","MAHARASHTRA","ppc","adwords","0","4.0","100489.0","99699.0","100489.0","100489.0","4.0","0.0","426012.0","334197.0","426012.0","426012.0","8.0","2461.0","8.0","8.0","1.0"
"e","google_search","300000.0","1432.0","Chrome","","Ulhasnagar","5.0","Proprietorship","Male","129.0","298500.0","0.0","mobile:Linux","THANE","MAHARASHTRA","1.0","4.0","MAHARASHTRA","ppc","adwords","0","14.0","76779.0","76368.0","76779.0","76779.0","14.0","0.0","331148.0","331201.0","331148.0","331148.0","3001.0","4101.0","3001.0","3001.0","0.0"
"","google_display","500000.0","4513.0","Chrome","","Faridabad","11.0","Proprietorship","Male","0.0","","0.0","Win32","THANE","MAHARASHTRA","1.0","4.0","MAHARASHTRA","ppc","adwords","0","3.0","117168.0","116179.0","117168.0","117168.0","8.0","0.0","432000.0","416745.0","432000.0","432000.0","13500.0","4503.0","13500.0","13500.0","1.0"
"","","","419.0","","","","","","Male","","","0.0","","","","","0.0","","","","0","","202270.5","222880.5","213309.0","213309.0","18.0","1.0","469719.0","472387.0","469719.0","469719.0","0.0","50000.0","0.0","0.0","0.0"
"e","google_search","1000000.0","1447.0","Chrome","","New Delhi","11.0","Partnership","","","","0.0","Win32","MOHALI","PUNJAB","","0.0","","ppc","adwords","1","16.0","340820.0","345152.0","340820.0","340820.0","7.0","0.0","994736.0","641077.0","994736.0","994736.0","10000.0","236795.0","10000.0","10000.0","0.0"
"","","100000.0","424.0","","","","","Proprietorship","Male","","283000.0","0.0","","CHITTOOR","ANDHRA PRADESH","1.0","4.0","ANDHRA PRADESH","","","0","","63595.0","63499.0","63595.0","63595.0","5.0","0.0","167333.0","167234.0","167333.0","167333.0","2.0","2.0","2.0","2.0","0.0"
"b","google_search","1000000.0","1451.0","Chrome","","Bhilai","5.0","Proprietorship","Male","40.0","","0.0","mobile:Linux","RAISEN","MADHYA PRADESH","1.0","0.0","","ppc","adwords","0","3.0","1843770.0","1870180.0","1843770.0","1843770.0","10.0","0.0","3786437.0","3993700.0","3786437.0","3786437.0","182405.0","231300.0","182405.0","182405.0","17.0"
"","google_display","100000.0","2478.0","Chrome","","Bengaluru","5.0","Proprietorship","","","","0.0","mobile:Linux","GWALIOR","MADHYA PRADESH","","5.0","","ppc","adwords","0","11.0","144343.0","150426.0","144343.0","144343.0","6.0","0.0","370000.0","370478.0","370000.0","370000.0","15000.0","18811.0","15000.0","15000.0","1.0"
"e","google_search","","5704.0","Chrome","Bengaluru","Bengaluru","","","Male","","","0.0","mobile:Linux","","","1.0","4.0","ANDHRA PRADESH","ppc","adwords","0","","67620.0","67579.0","67620.0","67620.0","14.0","17.0","132700.0","128344.0","132700.0","132700.0","12301.0","25375.0","12301.0","12301.0","0.0"
"e","google_search","1000000.0","1460.0","Safari","Delhi","Bulandshahr","11.0","Proprietorship","Male","48.0","644955.0","0.0","mobile:iPhone","","DELHI","1.0","0.0","DELHI","ppc","adwords","0","4.0","125244.0","125198.0","125244.0","125244.0","7.0","6.0","296673.0","300832.0","296673.0","296673.0","29838.0","4400.0","29838.0","29838.0","14.0"
"e","google_search","500000.0","4533.0","Chrome","Bengaluru","Bengaluru","10.0","Proprietorship","Male","56.0","816499.0","0.0","Win32","BANGALORE","KARNATAKA","1.0","4.0","KARNATAKA","ppc","adwords","1","11.0","163443.0","167306.0","163443.0","163443.0","40.0","0.0","357476.0","381476.0","357476.0","357476.0","0.0","10500.0","0.0","0.0","6.0"
"b","google_search","","2488.0","Chrome","Nellore","Nizamabad","11.0","","","","","0.0","Win32","","","","5.0","","ppc","adwords","0","","69906.0","69952.0","69906.0","69906.0","6.0","0.0","227334.0","227498.0","227334.0","227334.0","3028.0","5500.0","3028.0","3028.0","0.0"
"","","500000.0","8640.0","Chrome","","Pune","","Proprietorship","Male","27.0","424542.0","0.0","mobile:Linux","","","1.0","4.0","MAHARASHTRA","Banner","Facebook","0","3.0","378505.0","374612.0","378505.0","378505.0","15.0","0.0","722255.0","692017.0","722255.0","722255.0","63916.0","33024.0","63916.0","63916.0","4.0"
"","","1000000.0","449.0","","","","","Proprietorship","Male","","","0.0","","","","1.0","4.0","KARNATAKA","","","0","","91009.0","90875.0","91009.0","91009.0","2.0","0.0","157500.0","153026.0","157500.0","157500.0","35000.0","36012.0","35000.0","35000.0","0.0"
"","","500000.0","452.0","","","","","Proprietorship","Male","111.0","","0.0","","THANE","MAHARASHTRA","","0.0","","","","0","5.0","182152.0","182161.0","182152.0","182152.0","6.0","0.0","633796.0","981977.0","633796.0","633796.0","0.0","20.0","0.0","0.0","1.0"
"e","google_search","500000.0","3489.0","Chrome","Kolkata","Kolkata","10.0","Proprietorship","Male","27.0","","0.0","Win32","","","1.0","4.0","WEST BENGAL","ppc","adwords","0","4.0","349715.0","350331.0","349715.0","349715.0","20.0","9.0","1041715.0","661124.0","1041715.0","1041715.0","0.0","15248.0","0.0","0.0","12.0"
"","google_display","300000.0","4554.0","Chrome","","Mumbai","10.0","Proprietorship","Male","129.0","","0.0","mobile:Linux","THANE","MAHARASHTRA","1.0","4.0","MAHARASHTRA","ppc","adwords","0","8.0","134422.0","137591.0","134422.0","134422.0","12.0","0.0","315822.0","270409.0","315822.0","315822.0","21602.0","35199.0","21602.0","21602.0","0.0"
"e","google_search","500000.0","2507.0","Chrome","Hyderabad","Hyderabad","5.0","Proprietorship","Male","39.0","606613.0","0.0","mobile:Linux","HYDERABAD","TELANGANA","1.0","4.0","TELANGANA","ppc","adwords","0","5.0","182061.0","180513.0","182061.0","182061.0","21.0","0.0","665610.0","775549.0","665610.0","665610.0","11812.0","14418.0","11812.0","11812.0","0.0"
"e","google_search","1000000.0","2508.0","Chrome","Kolkata","Kolkata","10.0","Partnership","Male","130.0","380259.0","0.0","mobile:Linux","HOWRAH","WEST BENGAL","2.0","3.0","WEST BENGAL","ppc","adwords","0","4.0","936906.5","779176.0","936906.5","936906.5","8.0","0.0","2050892.0","1260311.0","2050892.0","2050892.0","362295.0","347534.0","362295.0","362295.0","24.0"
"e","google_search","300000.0","3539.0","Chrome","Kolkata","Kolkata","5.0","Proprietorship","Male","","","0.0","mobile:Linux","","","1.0","4.0","WEST BENGAL","ppc","adwords","0","6.0","38441.0","35104.0","38441.0","38441.0","4.0","6.0","55498.0","55443.0","55498.0","55498.0","8054.0","8000.0","8054.0","8054.0","0.0"
"b","google_search","1000000.0","3541.0","Chrome","Navi_Mumbai","Mumbai","5.0","Proprietorship","","","300000.0","0.0","mobile:Linux","THANE","MAHARASHTRA","","5.0","","ppc","adwords","0","2.0","51228.0","51200.0","51228.0","51228.0","6.0","0.0","312384.0","271746.0","312384.0","312384.0","253.0","1200.0","253.0","253.0","0.0"
"b","google_search","1000000.0","3548.0","Chrome","Pune","Mumbai","5.0","Proprietorship","Male","","930537.0","0.0","mobile:Linux","PUNE","MAHARASHTRA","1.0","4.0","MAHARASHTRA","ppc","adwords","0","18.0","1751683.0","1826455.0","1751683.0","1751683.0","17.0","8.0","3520173.0","3575981.0","3520173.0","3520173.0","0.0","30000.0","0.0","0.0","6.0"
"e","google_search","1000000.0","2537.0","Chrome","Thane","Thane","11.0","Private Limited","Male","","","0.0","mobile:Linux","VISAKHAPATNAM","ANDHRA PRADESH","3.0","3.0","ANDHRA PRADESH","ppc","adwords","0","3.0","268846.0","258894.0","268846.0","268846.0","25.0","0.0","590900.0","571350.0","590900.0","590900.0","22700.0","25.0","22700.0","22700.0","0.0"
"e","google_search","500000.0","4591.0","Firefox","Ahmedabad","Mumbai","5.0","Proprietorship","Male","","","0.0","Win32","","","1.0","4.0","GUJARAT","ppc","adwords","0","","10279.0","10293.0","10279.0","10279.0","2.0","0.0","100000.0","61023.0","100000.0","100000.0","0.0","0.0","0.0","0.0","0.0"
"b","google_search","500000.0","3571.0","Chrome","Badlapur","Mumbai","5.0","Proprietorship","Male","124.0","","0.0","mobile:Linux","","","1.0","4.0","MAHARASHTRA","ppc","adwords","0","2.0","65633.0","65633.0","65633.0","65633.0","13.0","2.0","158088.0","174520.0","158088.0","158088.0","3950.0","4000.0","3950.0","3950.0","0.0"
"e","google_search","1000000.0","1526.0","Chrome","Indore","Raipur","5.0","Proprietorship","Male","40.0","6000000.0","0.0","Win32","DHAR","MADHYA PRADESH","1.0","0.0","MADHYA PRADESH","ppc","adwords","0","","630474.0","629990.0","630474.0","630474.0","11.0","14.0","1274995.0","1268157.0","1274995.0","1274995.0","23900.0","21000.0","23900.0","23900.0","3.0"
"b","google_search","500000.0","2553.0","Chrome","Delhi","Bengaluru","5.0","Proprietorship","","","","0.0","Win32","WEST DELHI","DELHI","","5.0","","ppc","adwords","0","2.0","10816.0","10816.0","10816.0","10816.0","3.0","0.0","29400.0","29400.0","29400.0","29400.0","0.0","0.0","0.0","0.0","0.0"
"e","google_search","1000000.0","1535.0","Chrome","Delhi","New Delhi","11.0","Proprietorship","","105.0","","0.0","mobile:Linux","SOUTH DELHI","DELHI","","0.0","","ppc","adwords","1","4.0","1566080.0","1604029.0","1566080.0","1566080.0","7.0","0.0","3512169.0","2915908.0","3512169.0","3512169.0","276437.0","275904.0","276437.0","276437.0","2.0"
"e","google_search","1000000.0","4608.0","Firefox","","Mumbai","11.0","Proprietorship","Female","102.0","1009896.0","0.0","Win32","MYSURU","KARNATAKA","1.0","4.0","KARNATAKA","ppc","adwords","1","18.0","539851.5","524245.0","539851.5","539851.5","21.0","1.0","1680777.0","1595582.0","1680777.0","1680777.0","27574.0","24774.0","27574.0","27574.0","0.0"
"","google_display","500000.0","3586.0","Chrome","","Kolkata","5.0","Proprietorship","","","","0.0","mobile:Linux","KRISHNAGIRI","TAMIL NADU","","5.0","","ppc","adwords","0","3.0","96760.0","96134.0","96760.0","96760.0","11.0","0.0","313150.0","226752.0","313150.0","313150.0","12500.0","14024.0","12500.0","12500.0","0.0"
"b","google_search","300000.0","1547.0","Chrome","","Mumbai","5.0","Proprietorship","Male","104.0","311424.0","0.0","Win32","THANE","MAHARASHTRA","1.0","4.0","MAHARASHTRA","ppc","adwords","0","2.0","72203.0","73352.0","72203.0","72203.0","2.0","0.0","113809.0","117370.0","113809.0","113809.0","6000.0","9742.0","6000.0","6000.0","0.0"
"b","google_search","1000000.0","3602.0","Chrome","Bhopal","Bhopal","5.0","Proprietorship","Male","0.0","221960.0","0.0","Win32","BHOPAL","MADHYA PRADESH","1.0","4.0","MADHYA PRADESH","ppc","adwords","0","2.0","435895.0","472675.0","435895.0","435895.0","12.0","0.0","1328058.0","1252997.0","1328058.0","1328058.0","163241.0","163737.0","163241.0","163241.0","6.0"
"","","1000000.0","5656.0","Chrome","","Mumbai","","Proprietorship","Male","130.0","","0.0","mobile:Linux","","","1.0","4.0","UTTAR PRADESH","Banner","Facebook","0","3.0","630374.0","641185.0","630374.0","630374.0","7.0","1.0","1092070.0","1079207.0","1092070.0","1092070.0","253742.0","383293.0","253742.0","253742.0","72.0"
"b","google_search","500000.0","4634.0","Chrome","Pune","Mumbai","5.0","Proprietorship","Male","9.0","352214.0","0.0","mobile:Linux","PUNE","MAHARASHTRA","1.0","4.0","MAHARASHTRA","ppc","adwords","0","4.0","482028.0","475484.0","482028.0","482028.0","5.0","0.0","1187555.0","1188175.0","1187555.0","1187555.0","45792.0","46250.0","45792.0","45792.0","0.0"
"b","google_search","500000.0","2587.0","Chrome","Chennai","Chennai","10.0","Proprietorship","Male","9.0","","0.0","mobile:Linux","CHENNAI","TAMIL NADU","1.0","4.0","TAMIL NADU","ppc","adwords","0","7.0","119109.0","120716.0","119109.0","119109.0","20.0","0.0","245345.0","223260.0","245345.0","245345.0","32150.0","35633.0","32150.0","32150.0","0.0"
"e","google_search","300000.0","1572.0","Chrome","Delhi","Ghaziabad","11.0","Proprietorship","Male","9.0","","0.0","mobile:Linux","SOUTH DELHI","DELHI","1.0","4.0","DELHI","ppc","adwords","0","6.0","313466.0","315353.0","313466.0","313466.0","9.0","0.0","525528.0","649460.0","525528.0","525528.0","93412.0","109423.0","93412.0","93412.0","0.0"
"","google_display","500000.0","1575.0","Chrome","","New Delhi","5.0","Proprietorship","Male","","286471.0","0.0","mobile:Linux","GWALIOR","MADHYA PRADESH","1.0","4.0","MADHYA PRADESH","ppc","adwords","0","6.0","8238.0","7913.0","8238.0","8238.0","6.0","0.0","26292.0","23771.0","26292.0","26292.0","3000.0","3432.0","3000.0","3000.0","1.0"
"e","google_search","300000.0","1581.0","Chrome","Ahmedabad","Rajkot","5.0","Proprietorship","Male","","400305.0","0.0","mobile:Linux","AHMEDABAD","GUJARAT","1.0","4.0","GUJARAT","ppc","adwords","0","4.0","42599.0","42212.0","42599.0","42599.0","16.0","0.0","157001.0","132926.0","157001.0","157001.0","20.0","2510.0","20.0","20.0","1.0"
"","google_display","500000.0","3633.0","Chrome","","Bengaluru","11.0","Proprietorship","Male","","","0.0","mobile:Linux","","","1.0","4.0","KARNATAKA","ppc","adwords","0","3.0","141490.0","141507.0","141490.0","141490.0","8.0","0.0","506500.0","342299.0","506500.0","506500.0","5000.0","5129.0","5000.0","5000.0","0.0"
"b","google_search","500000.0","1589.0","Chrome","Indore","Ahmedabad","","Proprietorship","Male","","227573.0","0.0","Win32","RAIPUR","CHHATTISGARH","1.0","4.0","CHHATTISGARH","ppc","adwords","0","","10717.0","10715.0","10717.0","10717.0","9.0","0.0","43150.0","42127.0","43150.0","43150.0","0.0","0.0","0.0","0.0","0.0"
"b","google_search","1000000.0","8761.0","Chrome","Pune","Mumbai","","Proprietorship","Male","43.0","2353334.0","0.0","Win32","","","1.0","4.0","MAHARASHTRA","ppc","adwords","0","6.0","746597.0","622009.0","746597.0","746597.0","12.0","0.0","2858582.0","2738783.0","2858582.0","2858582.0","0.0","0.0","0.0","0.0","5.0"
"b","google_search","1000000.0","1596.0","Chrome","Hyderabad","Hyderabad","5.0","Proprietorship","Male","35.0","596070.0","0.0","mobile:Linux","NELLORE","ANDHRA PRADESH","1.0","4.0","ANDHRA PRADESH","ppc","adwords","0","6.0","389692.0","374779.0","389692.0","389692.0","7.0","2.0","714910.0","647693.0","714910.0","714910.0","145350.0","96403.0","145350.0","145350.0","0.0"
"","google_display","1000000.0","3653.0","Chrome","","Mumbai","5.0","Proprietorship","","","","0.0","mobile:Linux","BANSWARA","RAJASTHAN","","5.0","","ppc","adwords","0","1.0","177175.0","177096.0","177175.0","177175.0","2.0","5.0","952000.0","941590.0","952000.0","952000.0","1000.0","0.0","1000.0","1000.0","2.0"
"b","google_search","700000.0","4685.0","Chrome","Bengaluru","Kolkata","11.0","Proprietorship","Male","130.0","416524.0","0.0","mobile:Linux","BANGALORE","KARNATAKA","1.0","4.0","KARNATAKA","ppc","adwords","0","6.0","43250.0","232417.0","43250.0","43250.0","4.0","0.0","58000.0","407594.0","58000.0","58000.0","28500.0","57240.0","28500.0","28500.0","0.0"
"","","","5712.0","Chrome","","Srinagar","","","Male","","","0.0","mobile:Linux","","","1.0","5.0","MADHYA PRADESH","Banner","Facebook","0","","60931.0","75824.0","60931.0","60931.0","4.0","6.0","139000.0","155158.0","139000.0","139000.0","0.0","21861.0","0.0","0.0","0.0"
"","","","5713.0","Chrome","","Mumbai","","","Male","","","0.0","mobile:Linux","","","1.0","5.0","KARNATAKA","Banner","Facebook","0","","123723.0","129050.0","123723.0","123723.0","14.0","0.0","446842.0","371205.0","446842.0","446842.0","2000.0","17480.0","2000.0","2000.0","2.0"
"","","1000000.0","5731.0","Chrome","","Amravati","","Proprietorship","Male","93.0","460000.0","0.0","mobile:Linux","NASHIK","MAHARASHTRA","1.0","4.0","MAHARASHTRA","Banner","Facebook","0","4.0","202288.333333333","122695.666666666","202288.333333333","202288.333333333","18.0","0.0","1450000.0","1568472.0","1450000.0","1450000.0","0.0","324.0","0.0","0.0","0.0"
"b","google_search","500000.0","2644.0","Chrome","","Mumbai","5.0","Proprietorship","Female","","410410.0","0.0","mobile:Linux","NAGPUR","MAHARASHTRA","1.0","4.0","MAHARASHTRA","ppc","adwords","0","5.0","131157.0","151078.0","131157.0","131157.0","10.0","0.0","365596.0","340209.0","365596.0","365596.0","922.0","4114.0","922.0","922.0","1.0"
"","","300000.0","3669.0","","","","","Proprietorship","Male","70.0","286237.0","1.0","","THANE","MAHARASHTRA","1.0","4.0","MAHARASHTRA","","","0","13.0","168356.0","171167.0","168356.0","168356.0","21.0","0.0","512933.0","391573.0","512933.0","512933.0","24048.0","66564.0","24048.0","24048.0","2.0"
"","google_display","300000.0","2651.0","Chrome","","Mumbai","5.0","Proprietorship","Male","","450500.0","0.0","mobile:Linux","NAGPUR","MAHARASHTRA","1.0","4.0","MAHARASHTRA","ppc","adwords","0","3.0","87355.5","82891.5","87355.5","87355.5","19.0","9.0","600538.0","488098.0","600538.0","600538.0","0.0","839.0","0.0","0.0","2.0"
"","","500000.0","8798.0","Chrome","","Pune","","Proprietorship","Male","48.0","500000.0","0.0","mobile:Linux","","","1.0","5.0","KARNATAKA","Banner","Facebook","0","4.0","77136.0","77031.0","77136.0","77136.0","7.0","0.0","146896.0","145686.0","146896.0","146896.0","1164.0","1165.0","1164.0","1164.0","0.0"
"","","1000000.0","8799.0","Chrome","","Srinagar","","Proprietorship","Male","12.0","700000.0","0.0","mobile:Linux","PUNE","MAHARASHTRA","1.0","4.0","MAHARASHTRA","Banner","Facebook","0","5.0","539985.0","539810.0","539985.0","539985.0","16.0","3.0","1254718.0","1183168.0","1254718.0","1254718.0","154551.0","154509.0","154551.0","154551.0","2.0"
"","","","8801.0","Chrome","","New Delhi","","","Male","","","0.0","mobile:Linux","","","1.0","5.0","TELANGANA","Banner","Facebook","0","","50637.0","50549.0","50637.0","50637.0","11.0","0.0","110000.0","106548.0","110000.0","110000.0","0.0","752.0","0.0","0.0","0.0"
"b","google_search","500000.0","1635.0","Chrome","Chennai","Chennai","5.0","Proprietorship","Male","52.0","438795.0","0.0","mobile:Linux","CHENNAI","TAMIL NADU","1.0","4.0","TAMIL NADU","ppc","adwords","0","5.0","159812.0","168799.0","159812.0","159812.0","36.0","0.0","355665.0","375040.0","355665.0","355665.0","9985.0","21380.0","9985.0","9985.0","12.0"
"e","google_search","500000.0","8988.0","Chrome","Mumbai","Kalyan","","Proprietorship","Male","132.0","","0.0","Win32","MUMBAI","MAHARASHTRA","1.0","5.0","MAHARASHTRA","ppc","adwords","0","12.0","44593.5","41804.75","44593.5","44593.5","20.0","0.0","239000.0","230764.0","239000.0","239000.0","2000.0","0.0","2000.0","2000.0","1.0"
"b","google_search","500000.0","5736.0","Chrome","Bengaluru","Bengaluru","","Proprietorship","Male","129.0","","0.0","mobile:Linux","BANGALORE","KARNATAKA","1.0","5.0","KARNATAKA","ppc","adwords","1","4.0","49419.0","48205.0","49419.0","49419.0","5.0","0.0","99421.0","97360.0","99421.0","99421.0","0.0","2679.0","0.0","0.0","0.0"
"","","1500000.0","620.0","","","","","Proprietorship","Male","11.0","325136.0","1.0","","SATARA","MAHARASHTRA","1.0","4.0","MAHARASHTRA","","","0","10.0","162359.0","161281.0","162359.0","162359.0","11.0","0.0","348933.0","268290.0","348933.0","348933.0","804.0","5303.0","804.0","804.0","0.0"
"b","google_search","500000.0","1645.0","Chrome","Vijayawada","Hyderabad","5.0","Proprietorship","","","370000.0","0.0","mobile:Linux","KRISHNA","ANDHRA PRADESH","","5.0","","ppc","adwords","0","25.0","26685.0","24882.0","26685.0","26685.0","3.0","0.0","193164.0","179725.0","193164.0","193164.0","0.0","20.0","0.0","0.0","0.0"
"b","google_search","1000000.0","2670.0","Chrome","Delhi","Karnal","5.0","Proprietorship","Male","","-280934.0","0.0","Win32","SOUTH DELHI","DELHI","1.0","4.0","DELHI","ppc","adwords","1","3.0","636233.0","632839.5","636233.0","636233.0","24.0","8.0","3431506.0","3383349.0","3431506.0","3431506.0","30000.0","13553.0","30000.0","30000.0","0.0"
"","","700000.0","3703.0","","","","","Proprietorship","Male","","268470.0","0.0","","LATUR","MAHARASHTRA","1.0","4.0","MAHARASHTRA","","","0","7.0","330685.0","332593.0","330685.0","330685.0","14.0","0.0","888945.0","934861.0","888945.0","888945.0","114850.0","94634.0","114850.0","114850.0","1.0"
"","","1000000.0","8825.0","Chrome","","Mumbai","","Proprietorship","Male","9.0","1200000.0","0.0","mobile:Linux","MUMBAI","MAHARASHTRA","1.0","4.0","MAHARASHTRA","Banner","Facebook","0","18.0","780396.0","776363.5","780396.0","780396.0","32.0","0.0","2954484.0","3011787.0","2954484.0","2954484.0","174651.0","141334.0","174651.0","174651.0","2.0"
"e","google_search","600000.0","1658.0","Chrome","Delhi","New Delhi","10.0","Proprietorship","Male","27.0","532097.0","0.0","Win32","EAST DELHI","DELHI","1.0","4.0","DELHI","ppc","adwords","0","5.0","1588065.0","1599575.0","1588065.0","1588065.0","13.0","46.0","2466086.0","2675330.0","2466086.0","2466086.0","734381.0","899523.0","734381.0","734381.0","0.0"
"","","500000.0","8981.0","Chrome","","Mumbai","","Proprietorship","Male","49.0","309542.0","0.0","mobile:Linux","MUMBAI","MAHARASHTRA","1.0","4.0","MAHARASHTRA","Banner","Facebook","0","4.0","104100.0","103460.0","104100.0","104100.0","23.0","5.0","324530.0","324726.0","324530.0","324530.0","30.0","0.0","30.0","30.0","6.0"
"","","1500000.0","640.0","","","","","Private Limited","Male","38.0","","0.0","","THANE","MAHARASHTRA","5.0","3.0","MAHARASHTRA","","","0","2.0","60373.0","63764.0","60373.0","60373.0","9.0","0.0","236000.0","330069.0","236000.0","236000.0","0.0","0.0","0.0","0.0","6.0"
"","","300000.0","3713.0","","","","","Proprietorship","Male","","391100.0","0.0","","","","1.0","4.0","KARNATAKA","","","0","2.0","97786.0","96905.0","98555.0","98555.0","8.0","7.0","298239.0","265629.0","298239.0","298239.0","10000.0","9847.0","10000.0","10000.0","0.0"
"b","google_search","500000.0","1666.0","Chrome","Pune","Mumbai","10.0","Proprietorship","Male","27.0","445700.0","0.0","mobile:Linux","PUNE","MAHARASHTRA","1.0","4.0","MAHARASHTRA","ppc","adwords","0","7.0","116087.0","115726.0","116087.0","116087.0","18.0","0.0","345818.0","280916.0","345818.0","345818.0","8000.0","11759.0","8000.0","8000.0","0.0"
"b","google_search","500000.0","1669.0","Safari","Hyderabad","Bengaluru","10.0","Proprietorship","Female","","556097.0","1.0","mobile:iPhone","HYDERABAD","TELANGANA","1.0","4.0","TELANGANA","ppc","adwords","0","2.0","692036.0","689383.0","692036.0","692036.0","14.0","2.0","1062123.0","957255.0","1062123.0","1062123.0","304847.0","179852.0","304847.0","304847.0","0.0"
"b","google_search","1000000.0","1671.0","Chrome","Hyderabad","Hyderabad","11.0","Proprietorship","Male","49.0","710000.0","0.0","mobile:Linux","HYDERABAD","TELANGANA","1.0","4.0","TELANGANA","ppc","adwords","0","22.0","193687.0","196525.0","193687.0","193687.0","16.0","8.0","848994.0","536155.0","848994.0","848994.0","29716.0","30346.0","29716.0","29716.0","0.0"
"e","google_search","500000.0","1672.0","Chrome","Pune","Kolkata","5.0","Proprietorship","","","","0.0","mobile:Linux","PUNE","MAHARASHTRA","","5.0","","ppc","adwords","1","3.0","263371.0","261141.0","263371.0","263371.0","8.0","0.0","565572.0","564682.0","565572.0","565572.0","66004.0","46443.0","66004.0","66004.0","2.0"
"","","500000.0","655.0","","","","","Proprietorship","Male","48.0","","0.0","","MUMBAI","MAHARASHTRA","1.0","4.0","MAHARASHTRA","","","0","","69574.5","64676.0","69574.5","69574.5","10.0","0.0","161765.0","179219.0","161765.0","161765.0","8001.0","7974.0","8001.0","8001.0","0.0"
"","","1000000.0","5742.0","Chrome","","Mumbai","","Proprietorship","Male","20.0","400000.0","0.0","mobile:Linux","SOLAPUR","MAHARASHTRA","1.0","4.0","UTTAR PRADESH","Banner","Facebook","0","3.0","86147.0","86177.0","86147.0","86147.0","8.0","0.0","240160.0","242612.0","240160.0","240160.0","0.0","417.0","0.0","0.0","0.0"
"","","","665.0","Chrome","","Mumbai","","Partnership","","","","0.0","","","","","1.0","","","","1","","2512364.0","2704997.0","2512364.0","2512364.0","11.0","1.0","6110910.0","6591868.0","6110910.0","6110910.0","500505.0","0.0","500505.0","500505.0","2.0"
"e","google_search","500000.0","3738.0","Chrome","Hyderabad","Bengaluru","5.0","Proprietorship","Male","","410341.0","0.0","mobile:Linux","K.V.RANGAREDDY","TELANGANA","1.0","4.0","TELANGANA","ppc","adwords","0","3.0","157196.0","158286.0","157196.0","157196.0","72.0","0.0","417148.0","416083.0","417148.0","417148.0","24458.0","20196.0","24458.0","24458.0","6.0"
"","google_display","500000.0","4764.0","Chrome","","Pune","10.0","Proprietorship","Male","","","0.0","mobile:Linux","PUNE","MAHARASHTRA","1.0","4.0","KARNATAKA","ppc","adwords","0","7.0","9020.0","8992.0","9020.0","9020.0","5.0","0.0","40000.0","39952.0","40000.0","40000.0","0.0","1.0","0.0","0.0","0.0"
"","","300000.0","676.0","Chrome","","Pune","","Proprietorship","Male","","","0.0","","NAGPUR","MAHARASHTRA","1.0","0.0","MAHARASHTRA","","","0","","77083.0","85500.0","77083.0","77083.0","5.0","0.0","176500.0","185599.0","176500.0","176500.0","0.0","30.0","0.0","0.0","0.0"
"","","300000.0","3750.0","Chrome","","Ahmedabad","5.0","Proprietorship","Male","40.0","620000.0","1.0","mobile:Linux","DHAR","MADHYA PRADESH","1.0","4.0","MADHYA PRADESH","Banner","Facebook","0","3.0","210497.0","210495.0","210497.0","210497.0","12.0","36.0","519151.0","519344.0","519151.0","519151.0","67745.0","69014.0","67745.0","67745.0","0.0"
"","","300000.0","3752.0","Chrome","","Betim","5.0","Proprietorship","Male","","","0.0","mobile:Linux","","","1.0","4.0","MAHARASHTRA","Banner","Facebook","0","7.0","8063.0","5742.0","8063.0","8063.0","3.0","0.0","10300.0","10870.0","10300.0","10300.0","5826.0","614.0","5826.0","5826.0","0.0"
"e","google_search","1000000.0","3760.0","Chrome","Pune","Srinagar","10.0","Proprietorship","Male","40.0","","0.0","mobile:Linux","","","1.0","4.0","MAHARASHTRA","ppc","adwords","0","7.0","191015.0","274893.0","191015.0","191015.0","4.0","0.0","521500.0","910136.0","521500.0","521500.0","15500.0","16405.0","15500.0","15500.0","15.0"
"","","1000000.0","8884.0","Chrome","","Mumbai","","Proprietorship","Male","112.0","560063.0","0.0","mobile:Linux","THANE","MAHARASHTRA","1.0","4.0","MAHARASHTRA","Banner","Facebook","0","6.0","294578.0","290866.0","294578.0","294578.0","15.0","1.0","594638.0","573874.0","594638.0","594638.0","66739.0","74979.0","66739.0","66739.0","1.0"
"","","1500000.0","698.0","Chrome","","Bengaluru","","Proprietorship","Male","","","0.0","mobile:Linux","PUNE","MAHARASHTRA","1.0","4.0","MAHARASHTRA","","","0","","440676.0","440203.0","440676.0","440676.0","10.0","0.0","1145024.0","795794.0","1145024.0","1145024.0","73856.0","54446.0","73856.0","73856.0","0.0"
"","","500000.0","8897.0","Chrome","","Mumbai","","Proprietorship","Female","88.0","452372.0","0.0","mobile:Linux","","","1.0","4.0","MAHARASHTRA","Banner","Facebook","0","4.0","86236.0","86820.0","86236.0","86236.0","6.0","0.0","153029.0","149841.0","153029.0","153029.0","6790.0","21662.0","6790.0","6790.0","0.0"
"","","500000.0","4809.0","Chrome","","Mumbai","5.0","Proprietorship","Female","","","0.0","mobile:Linux","","","1.0","4.0","MAHARASHTRA","Banner","Facebook","0","4.0","42589.0","40937.0","42589.0","42589.0","7.0","0.0","205500.0","186461.0","205500.0","205500.0","0.0","0.0","0.0","0.0","0.0"
"","","1000000.0","8906.0","Chrome","","Pune","","Proprietorship","Male","12.0","","0.0","mobile:Linux","","","1.0","4.0","MAHARASHTRA","Banner","Facebook","0","3.0","549552.5","549290.0","549552.5","549552.5","19.0","0.0","2224845.0","2267985.0","2224845.0","2224845.0","0.0","0.0","0.0","0.0","4.0"
"","","300000.0","8913.0","Chrome","","Mumbai","","Proprietorship","Female","48.0","","0.0","mobile:Linux","","","1.0","4.0","MAHARASHTRA","Banner","Facebook","1","13.0","125095.0","124697.0","125095.0","125095.0","9.0","0.0","310456.0","302703.0","310456.0","310456.0","83882.0","78486.0","83882.0","83882.0","0.0"
"","","500000.0","8918.0","Chrome","","Srinagar","","Proprietorship","Male","139.0","","0.0","mobile:Linux","NASHIK","MAHARASHTRA","1.0","4.0","MAHARASHTRA","Banner","Facebook","0","7.0","1435730.0","1441177.0","1435730.0","1435730.0","1.0","0.0","2863530.0","2869077.0","2863530.0","2863530.0","2000.0","3134.0","2000.0","2000.0","0.0"
"","","1000000.0","9026.0","Chrome","","Mumbai","","Proprietorship","Male","98.0","352000.0","0.0","mobile:Linux","","","1.0","4.0","MAHARASHTRA","Banner","Facebook","0","46.0","81341.0","81322.0","81341.0","81341.0","18.0","0.0","201201.0","205390.0","201201.0","201201.0","16550.0","17000.0","16550.0","16550.0","0.0"
"b","google_search","300000.0","1760.0","Chrome","Jaipur","Jaipur","5.0","Proprietorship","Male","56.0","335000.0","0.0","Win32","JAIPUR","RAJASTHAN","1.0","4.0","RAJASTHAN","ppc","adwords","0","3.0","48596.5","48515.5","48596.5","48596.5","19.0","8.0","135658.0","137214.0","135658.0","135658.0","0.0","1030.0","0.0","0.0","0.0"
"b","google_search","350000.0","4839.0","Firefox","","Bengaluru","5.0","Proprietorship","Male","","","0.0","Win64","KOLHAPUR","MAHARASHTRA","1.0","4.0","MAHARASHTRA","ppc","adwords","0","4.0","171318.0","171415.0","171318.0","171318.0","26.0","3.0","702891.0","705769.0","702891.0","702891.0","14000.0","13992.0","14000.0","14000.0","6.0"
"b","google_search","1000000.0","2796.0","Chrome","Vijayawada","Hyderabad","11.0","Proprietorship","Female","","402600.0","0.0","mobile:Linux","KRISHNA","ANDHRA PRADESH","1.0","4.0","ANDHRA PRADESH","ppc","adwords","0","2.0","53611.0","55491.0","53611.0","53611.0","11.0","0.0","250000.0","271638.0","250000.0","250000.0","0.0","0.0","0.0","0.0","0.0"
"b","google_search","1000000.0","3822.0","Chrome","Bengaluru","Mumbai","11.0","Private Limited","","","","0.0","MacIntel","BANGALORE","KARNATAKA","","5.0","","ppc","adwords","1","3.0","6999633.0","7029033.5","6999633.0","6999633.0","23.0","25.0","21472772.0","20542913.0","21472772.0","21472772.0","0.0","0.0","0.0","0.0","4.0"
"","","1000000.0","8829.0","Chrome","","Badlapur","","Proprietorship","Male","67.0","1135188.0","0.0","mobile:Linux","THANE","MAHARASHTRA","1.0","4.0","MAHARASHTRA","Banner","Facebook","0","23.0","459824.0","450060.0","459824.0","459824.0","11.0","0.0","1800503.0","1064243.0","1800503.0","1800503.0","14.0","69133.0","14.0","14.0","0.0"
"","google_display","300000.0","2806.0","Chrome","","Mumbai","5.0","Proprietorship","Male","","","0.0","mobile:Linux","DURG","CHHATTISGARH","1.0","4.0","CHHATTISGARH","ppc","adwords","0","9.0","101667.0","108006.0","101667.0","101667.0","16.0","0.0","200312.0","200286.0","200312.0","200312.0","13002.0","22491.0","13002.0","13002.0","0.0"
"b","google_search","600000.0","1786.0","Chrome","Hyderabad","Pune","5.0","Proprietorship","Male","","","0.0","Win32","HYDERABAD","TELANGANA","1.0","4.0","TELANGANA","ppc","adwords","0","4.0","59781.0","56799.0","59781.0","59781.0","7.0","0.0","224805.0","159358.0","224805.0","224805.0","0.0","1060.0","0.0","0.0","0.0"
"","","500000.0","1834.0","","","","","Proprietorship","Male","27.0","310038.0","0.0","","","DELHI","1.0","4.0","DELHI","","","0","2.0","273079.0","272688.0","273079.0","273079.0","5.0","0.0","558512.0","565791.0","558512.0","558512.0","0.0","101.0","0.0","0.0","0.0"
"","","500000.0","3846.0","Chrome","","Jetpur","5.0","Proprietorship","Male","","498545.0","0.0","mobile:Linux","AURANGABAD","MAHARASHTRA","1.0","4.0","MAHARASHTRA","Banner","Facebook","0","6.0","244091.0","243308.0","244091.0","244091.0","16.0","2.0","609730.0","601269.0","609730.0","609730.0","30500.0","33140.0","30500.0","30500.0","1.0"
"e","google_search","800000.0","2824.0","Chrome","Hyderabad","Mumbai","5.0","Proprietorship","Male","","","0.0","Win32","HYDERABAD","ANDHRA PRADESH","1.0","4.0","ANDHRA PRADESH","ppc","adwords","0","7.0","202399.0","202400.0","202399.0","202399.0","12.0","0.0","641521.0","598280.0","641521.0","641521.0","27132.0","23317.0","27132.0","27132.0","0.0"
"","","1000000.0","3853.0","Chrome","","Mumbai","11.0","Proprietorship","Male","","435650.0","0.0","mobile:Linux","","","1.0","4.0","JHARKHAND","Banner","Facebook","0","","1390969.0","1396651.0","1390969.0","1390969.0","9.0","1.0","2599108.0","2315946.0","2599108.0","2599108.0","801400.0","821484.0","801400.0","801400.0","14.0"
"b","google_search","1000000.0","4880.0","Chrome","Chennai","Chennai","11.0","Private Limited","Male","40.0","903325.0","0.0","mobile:Linux","","","3.0","3.0","TAMIL NADU","ppc","adwords","0","6.0","2604688.0","2584947.0","2604688.0","2604688.0","22.0","28.0","8413108.0","7661898.0","8413108.0","8413108.0","0.0","3069.0","0.0","0.0","2.0"
"","","1000000.0","4883.0","Chrome","","Srinagar","10.0","Proprietorship","Male","48.0","","0.0","mobile:Linux","PUNE","MAHARASHTRA","1.0","4.0","MAHARASHTRA","Banner","Facebook","0","9.0","334999.0","334882.0","334999.0","334999.0","8.0","9.0","837430.0","837430.0","837430.0","837430.0","1000.0","1000.0","1000.0","1000.0","1.0"
"e","google_search","1000000.0","1326.0","Chrome","","Bengaluru","5.0","Proprietorship","Male","","435680.0","0.0","Win32","KOLHAPUR","MAHARASHTRA","1.0","4.0","MAHARASHTRA","ppc","adwords","0","11.0","171350.5","144531.5","171350.5","171350.5","17.0","2.0","1473544.0","1432873.0","1473544.0","1473544.0","0.0","14964.0","0.0","0.0","0.0"
"","","","8984.0","Chrome","","Mumbai","","","Male","","","0.0","mobile:Linux","","","1.0","4.0","KARNATAKA","Banner","Facebook","1","","35057.0","34891.0","35057.0","35057.0","6.0","0.0","311041.0","298084.0","311041.0","311041.0","5.0","46.0","5.0","5.0","0.0"
"","google_display","300000.0","3871.0","Chrome","","Mumbai","5.0","Proprietorship","Male","","336500.0","0.0","mobile:Linux","AMRAVATI","MAHARASHTRA","1.0","4.0","MAHARASHTRA","ppc","adwords","0","3.0","126530.0","125479.0","126530.0","126530.0","14.0","0.0","222716.0","217518.0","222716.0","222716.0","48859.0","43133.0","48859.0","48859.0","0.0"
"b","google_search","1000000.0","2858.0","Chrome","Bengaluru","Bengaluru","5.0","Proprietorship","Female","","1032905.0","0.0","Win32","","","1.0","4.0","KARNATAKA","ppc","adwords","0","4.0","393237.333333333","397941.0","393237.333333333","393237.333333333","39.0","0.0","1206300.0","1192775.0","1206300.0","1206300.0","20297.0","50005.0","20297.0","20297.0","0.0"
"","google_display","100000.0","9011.0","Chrome","","Faridabad","","Proprietorship","Male","48.0","","0.0","mobile:Linux","BANGALORE","KARNATAKA","1.0","4.0","KARNATAKA","ppc","adwords","0","2.0","323759.0","325177.0","323759.0","323759.0","4.0","0.0","516320.0","514714.0","516320.0","516320.0","14820.0","16137.0","14820.0","14820.0","3.0"
"","","1000000.0","1844.0","","","","","Proprietorship","Male","","666524.0","0.0","","SOUTH DELHI","DELHI","1.0","4.0","DELHI","","","0","9.0","159968.0","159157.0","159968.0","159968.0","9.0","0.0","849620.0","680512.0","849620.0","849620.0","0.0","15.0","0.0","0.0","0.0"
"","","1500000.0","823.0","Chrome","","","","Proprietorship","Male","57.0","405197.0","0.0","mobile:Linux","PUNE","MAHARASHTRA","1.0","4.0","MAHARASHTRA","","","0","6.0","120039.0","124224.0","120039.0","120039.0","20.0","0.0","321410.0","334469.0","321410.0","321410.0","220.0","7000.0","220.0","220.0","6.0"
"","google_display","600000.0","4920.0","Chrome","","Mumbai","10.0","Proprietorship","","0.0","","0.0","mobile:Linux","MUMBAI","MAHARASHTRA","","5.0","","ppc","adwords","1","9.0","142736.0","141733.0","142736.0","142736.0","24.0","35.0","399732.0","509868.0","399732.0","399732.0","3500.0","177.0","3500.0","3500.0","0.0"
"b","google_search","1000000.0","1849.0","Chrome","Ahmedabad","Ahmedabad","11.0","Proprietorship","Female","126.0","700000.0","0.0","Win32","VADODARA","GUJARAT","1.0","4.0","GUJARAT","ppc","adwords","0","8.0","3082572.0","3054637.0","3082572.0","3082572.0","10.0","0.0","5166392.0","5167365.0","5166392.0","5166392.0","1107201.0","718043.0","1107201.0","1107201.0","2.0"
"","","300000.0","3676.0","","","","","Proprietorship","Male","","324498.0","0.0","","PUNE","MAHARASHTRA","1.0","4.0","MAHARASHTRA","","","0","4.0","516975.0","513095.0","516975.0","516975.0","13.0","7.0","1103417.0","1031735.0","1103417.0","1103417.0","110189.0","43130.0","110189.0","110189.0","3.0"
"b","google_search","500000.0","3906.0","Chrome","Jaipur","Ajmer","5.0","Proprietorship","Male","","301041.0","0.0","mobile:Linux","AJMER","RAJASTHAN","1.0","4.0","RAJASTHAN","ppc","adwords","0","2.0","388367.0","383987.0","388367.0","388367.0","11.0","0.0","887980.0","888267.0","887980.0","887980.0","10000.0","23.0","10000.0","10000.0","2.0"
"","","500000.0","9031.0","Chrome","","New Delhi","","Proprietorship","Male","137.0","","0.0","mobile:Linux","THANE","MAHARASHTRA","1.0","4.0","MAHARASHTRA","Banner","Facebook","1","8.0","321042.0","325008.0","321042.0","321042.0","9.0","0.0","620076.0","485584.0","620076.0","620076.0","45869.0","77168.0","45869.0","45869.0","0.0"
"e","google_search","500000.0","1866.0","Firefox","Raipur","Ahmedabad","10.0","Private Limited","Male","","","0.0","mobile:Linux","","","5.0","3.0","ANDHRA PRADESH","ppc","adwords","0","3.0","368312.0","368445.0","368312.0","368312.0","17.0","0.0","837000.0","838055.0","837000.0","837000.0","0.0","0.0","0.0","0.0","0.0"
"","","300000.0","9041.0","Chrome","","Mumbai","","Proprietorship","Male","102.0","432595.0","0.0","mobile:Linux","SANGLI","MAHARASHTRA","1.0","4.0","MAHARASHTRA","Banner","Facebook","0","12.0","107560.0","108714.0","107560.0","107560.0","10.0","0.0","166495.0","171694.0","166495.0","166495.0","0.0","0.0","0.0","0.0","0.0"
"","google_display","600000.0","4948.0","Chrome","","Bengaluru","5.0","Proprietorship","Male","69.0","503004.0","0.0","mobile:Linux","JALNA","MAHARASHTRA","1.0","4.0","MAHARASHTRA","ppc","adwords","0","4.0","107758.333333333","111917.333333333","107758.333333333","107758.333333333","19.0","0.0","563400.0","559951.0","563400.0","563400.0","0.0","0.0","0.0","0.0","0.0"
"","","500000.0","9045.0","Chrome","","Mumbai","","Proprietorship","Male","128.0","436949.0","0.0","mobile:Linux","PUNE","MAHARASHTRA","1.0","4.0","MAHARASHTRA","Banner","Facebook","0","3.0","126937.5","123770.5","126937.5","126937.5","18.0","0.0","575172.0","506567.0","575172.0","575172.0","2016.0","0.0","2016.0","2016.0","0.0"
"b","google_search","500000.0","4950.0","Chrome","Ahmedabad","Mumbai","5.0","Proprietorship","Male","","526824.0","0.0","mobile:Linux","AHMEDABAD","GUJARAT","1.0","4.0","GUJARAT","ppc","adwords","0","7.0","226098.0","223887.0","226098.0","226098.0","2.0","0.0","486462.0","338383.0","486462.0","486462.0","22.0","122530.0","22.0","22.0","0.0"
"e","google_search","150000.0","4951.0","Chrome","Mumbai","Chikhli","5.0","Proprietorship","Male","128.0","","0.0","mobile:Linux","THANE","MAHARASHTRA","1.0","4.0","MAHARASHTRA","ppc","adwords","0","6.0","31161.0","31161.0","31161.0","31161.0","4.0","0.0","129554.0","112450.0","129554.0","129554.0","0.0","93.0","0.0","0.0","0.0"
"b","google_search","100000.0","1881.0","Chrome","Pune","Pune","5.0","Proprietorship","Male","","","0.0","mobile:Linux","PUNE","MAHARASHTRA","1.0","4.0","MAHARASHTRA","ppc","adwords","0","4.0","17125.0","17520.0","17125.0","17125.0","12.0","0.0","54185.0","52929.0","54185.0","54185.0","0.0","418.0","0.0","0.0","0.0"
"","google_display","1000000.0","3935.0","Chrome","","Mumbai","10.0","Proprietorship","Male","","293462.0","0.0","mobile:Linux","MUMBAI","MAHARASHTRA","1.0","4.0","RAJASTHAN","ppc","adwords","0","3.0","13654.0","25722.0","13654.0","13654.0","15.0","0.0","45000.0","63988.0","45000.0","45000.0","0.0","200.0","0.0","0.0","3.0"
"","","500000.0","5435.0","Chrome","","Pune","","Proprietorship","Male","128.0","400000.0","0.0","mobile:Linux","PUNE","MAHARASHTRA","1.0","2.0","MAHARASHTRA","Banner","Facebook","0","8.0","148241.0","148169.0","148241.0","148241.0","8.0","1.0","892760.0","891950.0","892760.0","892760.0","0.0","1470.0","0.0","0.0","0.0"
"b","google_search","600000.0","4965.0","Safari","","Andheri","5.0","Proprietorship","","9.0","","0.0","mobile:iPhone","THANE","MAHARASHTRA","","5.0","","ppc","adwords","0","7.0","99596.0","98028.0","99596.0","99596.0","9.0","0.0","313390.0","294937.0","313390.0","313390.0","4220.0","0.0","4220.0","4220.0","0.0"
"","","500000.0","9065.0","Chrome","","Mumbai","","Proprietorship","Male","11.0","","0.0","Win32","","","1.0","4.0","MAHARASHTRA","Banner","Facebook","0","3.0","209839.0","218033.0","209839.0","209839.0","11.0","0.0","442998.0","462340.0","442998.0","442998.0","0.0","0.0","0.0","0.0","0.0"
"","","500000.0","6337.0","Chrome","","Pune","","Proprietorship","Male","43.0","451460.0","0.0","Win32","PUNE","MAHARASHTRA","1.0","4.0","MAHARASHTRA","Banner","Facebook","0","4.0","284514.0","283024.0","284514.0","284514.0","12.0","0.0","517482.0","513381.0","517482.0","517482.0","1.0","404.0","1.0","1.0","0.0"
"","","1000000.0","6303.0","Chrome","","Delhi","","Proprietorship","Male","98.0","324580.0","0.0","mobile:Linux","MUMBAI","MAHARASHTRA","1.0","4.0","MAHARASHTRA","Banner","Facebook","0","4.0","92967.0","92878.0","92967.0","92967.0","2.0","0.0","258672.0","258712.0","258672.0","258672.0","5162.0","5108.0","5162.0","5162.0","0.0"
"","google_display","1000000.0","2926.0","Chrome","","Bengaluru","5.0","Proprietorship","Male","","576296.0","0.0","mobile:Linux","BANGALORE RURAL","KARNATAKA","1.0","4.0","KARNATAKA","ppc","adwords","0","5.0","300399.0","300178.25","300399.0","300399.0","34.0","0.0","1009115.0","1008977.0","1009115.0","1009115.0","0.0","0.0","0.0","0.0","1.0"
"","","500000.0","3902.0","Chrome","","Bengaluru","10.0","Proprietorship","Male","","803957.0","1.0","mobile:Linux","BANGALORE RURAL","KARNATAKA","1.0","4.0","KARNATAKA","Banner","Facebook","0","2.0","354975.0","420991.0","354975.0","354975.0","16.0","0.0","911800.0","945937.0","911800.0","911800.0","40715.0","96125.0","40715.0","40715.0","0.0"
"","","1000000.0","4986.0","Chrome","","Mumbai","10.0","Proprietorship","Male","0.0","","0.0","mobile:Linux","BANGALORE","KARNATAKA","1.0","4.0","KARNATAKA","Banner","Facebook","0","10.0","132726.0","132581.0","132726.0","132726.0","16.0","0.0","376987.0","368896.0","376987.0","376987.0","9502.0","3647.0","9502.0","9502.0","1.0"
"","google_display","500000.0","1343.0","Chrome","","Mumbai","10.0","Proprietorship","Male","101.0","","0.0","mobile:Linux","AURANGABAD","MAHARASHTRA","1.0","4.0","MAHARASHTRA","ppc","adwords","0","4.0","135745.0","135745.0","135745.0","135745.0","5.0","0.0","655001.0","650782.0","655001.0","655001.0","0.0","0.0","0.0","0.0","0.0"
"","google_display","500000.0","3964.0","Chrome","","Hyderabad","5.0","Partnership","Male","","","0.0","mobile:Linux","DAKSHINA KANNADA","KARNATAKA","2.0","3.0","KARNATAKA","ppc","adwords","0","9.0","554844.0","554523.0","554844.0","554844.0","5.0","4.0","2720883.0","2613470.0","2720883.0","2720883.0","0.0","0.0","0.0","0.0","1.0"
"b","google_search","1000000.0","1856.0","Safari","Delhi","Mumbai","5.0","Proprietorship","Male","2.0","707174.0","0.0","mobile:iPhone","GURGAON","HARYANA","1.0","4.0","HARYANA","ppc","adwords","0","6.0","566135.0","571957.0","566135.0","566135.0","18.0","0.0","1013284.0","1009500.0","1013284.0","1013284.0","60004.0","6.0","60004.0","60004.0","1.0"
"b","google_search","1000000.0","7327.0","Chrome","Bengaluru","Bengaluru","","Private Limited","Male","22.0","","0.0","Win32","","","3.0","3.0","KARNATAKA","ppc","adwords","0","4.0","185591.0","185897.5","185591.0","185591.0","29.0","0.0","435772.0","401310.0","435772.0","435772.0","11000.0","10000.0","11000.0","11000.0","1.0"
"","google_display","300000.0","4872.0","Chrome","","Srinagar","11.0","Proprietorship","Male","51.0","273416.0","0.0","mobile:Linux","KOLHAPUR","MAHARASHTRA","1.0","4.0","MAHARASHTRA","ppc","adwords","0","","66012.0","82393.5","66012.0","66012.0","9.0","0.0","351278.0","350250.0","351278.0","351278.0","0.0","3195.0","0.0","0.0","1.0"
"","","300000.0","9107.0","Chrome","","Mumbai","","Proprietorship","Male","40.0","503006.0","0.0","mobile:Linux","MUMBAI","MAHARASHTRA","1.0","4.0","MAHARASHTRA","Banner","Facebook","0","19.0","87209.0","87802.0","87867.0","87867.0","17.0","2.0","193965.0","190493.0","193965.0","193965.0","4928.0","4422.0","4928.0","4928.0","0.0"
"","","500000.0","9109.0","","","","","Proprietorship","Male","12.0","295850.0","0.0","","MUMBAI","MAHARASHTRA","1.0","4.0","MAHARASHTRA","","","0","11.0","290867.0","334947.5","333426.5","333426.5","41.0","0.0","650918.0","1064641.0","1074461.0","1074461.0","6049.0","4605.0","6049.0","6049.0","2.0"
"","","300000.0","9113.0","Chrome","","Mumbai","","Proprietorship","Male","126.0","400000.0","0.0","mobile:Linux","KOLHAPUR","MAHARASHTRA","1.0","4.0","MAHARASHTRA","Banner","Facebook","0","5.0","173196.0","183199.0","183493.0","183493.0","5.0","0.0","337375.0","333383.0","337375.0","337375.0","73100.0","63545.0","73100.0","73100.0","3.0"
"b","google_search","500000.0","2972.0","Chrome","Indore","Bhopal","10.0","Proprietorship","","","","0.0","Win32","","","","5.0","","ppc","adwords","0","3.0","110235.5","80942.5","110235.5","110235.5","20.0","2.0","568675.0","200878.0","568675.0","568675.0","0.0","0.0","0.0","0.0","0.0"
"b","google_search","500000.0","5026.0","Chrome","Mumbai","Mumbai","10.0","Proprietorship","Male","","","0.0","mobile:Linux","","","1.0","4.0","MAHARASHTRA","ppc","adwords","0","","285423.0","283328.0","285423.0","285423.0","16.0","2.0","738272.0","778499.0","738272.0","738272.0","79034.0","74629.0","79034.0","79034.0","2.0"
"b","google_search","500000.0","1956.0","Chrome","Bhopal","Srinagar","5.0","Proprietorship","Male","","286850.0","0.0","mobile:Linux","HOSHANGABAD","MADHYA PRADESH","1.0","4.0","MADHYA PRADESH","ppc","adwords","0","3.0","172856.0","174934.0","172856.0","172856.0","4.0","0.0","341817.0","334675.0","341817.0","341817.0","26842.0","75283.0","26842.0","26842.0","1.0"
"","google_display","1000000.0","1962.0","Firefox","","Mumbai","5.0","Proprietorship","Male","40.0","320000.0","0.0","Win32","NAGPUR","MAHARASHTRA","1.0","4.0","MAHARASHTRA","ppc","adwords","0","5.0","737062.0","739044.0","737062.0","737062.0","5.0","0.0","3199718.0","3197207.0","3199718.0","3199718.0","0.0","456.0","0.0","0.0","11.0"
"b","google_search","500000.0","9133.0","Chrome","Bengaluru","Bengaluru","","Proprietorship","Male","48.0","","0.0","Win32","","","1.0","5.0","","ppc","adwords","0","4.0","162915.0","159603.0","162915.0","162915.0","13.0","0.0","278712.0","279366.0","278712.0","278712.0","82715.0","101618.0","82715.0","82715.0","3.0"
"b","google_search","100000.0","4253.0","Chrome","Chennai","Hyderabad","11.0","Proprietorship","","","","0.0","mobile:Linux","TIRUVALLUR","TAMIL NADU","","5.0","","ppc","adwords","0","3.0","136088.0","137906.0","136088.0","136088.0","5.0","0.0","231168.0","240974.0","231168.0","231168.0","81960.0","77263.0","81960.0","81960.0","0.0"
"b","google_search","1000000.0","4020.0","Chrome","Jaipur","Ajmer","5.0","Proprietorship","","","","0.0","mobile:Linux","KOTA","RAJASTHAN","","5.0","","ppc","adwords","0","12.0","25460.0","24544.0","25460.0","25460.0","2.0","0.0","77605.0","53724.0","77605.0","77605.0","0.0","0.0","0.0","0.0","0.0"
"","","300000.0","8862.0","Chrome","","Mumbai","","Proprietorship","Male","12.0","","0.0","mobile:Linux","THANE","MAHARASHTRA","1.0","4.0","MAHARASHTRA","Banner","Facebook","0","4.0","39181.0","41555.0","39181.0","39181.0","5.0","0.0","150502.0","150458.0","150502.0","150502.0","0.0","0.0","0.0","0.0","0.0"
"","","1000000.0","3714.0","","","","","Proprietorship","Female","0.0","","0.0","","PUNE","MAHARASHTRA","1.0","4.0","MAHARASHTRA","","","0","5.0","107765.0","111771.0","107765.0","107765.0","10.0","1.0","275000.0","293200.0","275000.0","275000.0","341.0","5100.0","341.0","341.0","1.0"
"","google_display","1000000.0","5279.0","Chrome","","Rajkot","5.0","Proprietorship","Male","48.0","850814.0","0.0","mobile:Linux","PUNE","MAHARASHTRA","1.0","4.0","MAHARASHTRA","ppc","adwords","0","10.0","441112.0","440976.0","441112.0","441112.0","14.0","1.0","2620832.0","2793122.0","2620832.0","2620832.0","12496.0","12271.0","12496.0","12496.0","0.0"
"e","google_search","500000.0","4030.0","Chrome","Jaipur","Jaipur","5.0","Proprietorship","Female","","","0.0","Win32","","","1.0","4.0","RAJASTHAN","ppc","adwords","0","","32339.5","35299.5","32339.5","32339.5","26.0","1.0","323560.0","340453.0","323560.0","323560.0","0.0","0.0","0.0","0.0","0.0"
"","","500000.0","9035.0","Chrome","","Pune","","Proprietorship","Male","67.0","290775.0","0.0","mobile:Linux","PUNE","MAHARASHTRA","1.0","4.0","MAHARASHTRA","Banner","Facebook","1","1.0","220328.5","220284.0","220328.5","220328.5","9.0","0.0","401891.0","399770.0","401891.0","401891.0","4500.0","201.0","4500.0","4500.0","7.0"
"","","500000.0","9102.0","Chrome","","Mumbai","","Proprietorship","Male","130.0","458032.0","0.0","mobile:Linux","","","1.0","4.0","MAHARASHTRA","Banner","Facebook","0","10.0","54955.0","55022.0","54955.0","54955.0","17.0","0.0","542400.0","329288.0","542400.0","542400.0","0.0","0.0","0.0","0.0","0.0"
"b","google_search","1000000.0","4431.0","Chrome","Bengaluru","Bengaluru","5.0","Proprietorship","Male","","","0.0","Win32","","","1.0","4.0","KARNATAKA","ppc","adwords","0","","124827.0","126755.0","124827.0","124827.0","8.0","1.0","294421.0","293386.0","294421.0","294421.0","110.0","1200.0","110.0","110.0","0.0"
"e","google_search","300000.0","4062.0","Chrome","Pune","Srinagar","5.0","Proprietorship","Male","","","0.0","mobile:Linux","PUNE","MAHARASHTRA","1.0","4.0","MAHARASHTRA","ppc","adwords","0","5.0","184756.0","187411.0","184756.0","184756.0","19.0","0.0","668141.0","670058.0","668141.0","668141.0","9530.0","47498.0","9530.0","9530.0","1.0"
"","google_display","300000.0","2020.0","Chrome","","Mumbai","5.0","Proprietorship","Male","","496000.0","0.0","mobile:Linux","AHMED NAGAR","MAHARASHTRA","1.0","4.0","MAHARASHTRA","ppc","adwords","0","5.0","81604.0","79163.0","81604.0","81604.0","13.0","0.0","280576.0","321564.0","280576.0","280576.0","0.0","0.0","0.0","0.0","0.0"
"","","500000.0","1000.0","Chrome","","","","Proprietorship","Male","","293960.0","0.0","mobile:Linux","MUMBAI","MAHARASHTRA","1.0","4.0","MAHARASHTRA","","","0","","39691.0","39691.0","39691.0","39691.0","3.0","0.0","140000.0","86019.0","140000.0","140000.0","0.0","3135.0","0.0","0.0","0.0"
"e","google_search","1000000.0","3053.0","Firefox","Mumbai","Ernakulam","5.0","Proprietorship","Male","","","0.0","Win32","MUMBAI","MAHARASHTRA","1.0","4.0","MAHARASHTRA","ppc","adwords","0","3.0","142736.0","142731.0","142736.0","142736.0","7.0","0.0","1112699.0","1112615.0","1112699.0","1112699.0","6026.0","6027.0","6026.0","6026.0","0.0"
"e","google_search","300000.0","5104.0","Chrome","Ahmedabad","Ahmedabad","11.0","Private Limited","Male","0.0","","0.0","Win32","","","5.0","3.0","MAHARASHTRA","ppc","adwords","0","4.0","582563.0","590521.0","582563.0","582563.0","12.0","0.0","981258.0","917890.0","981258.0","981258.0","232847.0","233017.0","232847.0","232847.0","29.0"
"","","1000000.0","5762.0","Chrome","","Pune","","Proprietorship","Male","101.0","","0.0","mobile:Linux","SANGLI","MAHARASHTRA","1.0","4.0","MAHARASHTRA","Banner","Facebook","0","3.0","182941.0","182794.0","182941.0","182941.0","12.0","1.0","610500.0","616418.0","610500.0","610500.0","27504.0","26225.0","27504.0","27504.0","1.0"
"","","","8874.0","Chrome","","Mumbai","","","Male","","","0.0","mobile:Linux","","","1.0","4.0","RAJASTHAN","Banner","Facebook","0","","47999.0","47999.0","47999.0","47999.0","9.0","0.0","71541.0","69905.0","71541.0","71541.0","5800.0","5797.0","5800.0","5800.0","0.0"
